hashtag_name,count
newyorkfashion,21
chaga,21
savedbybugbitething,21
zerowastebeautybrand,21
otismilburn,21
ncutigatwa,21
usb,21
storagewars,21
graduated,21
streetweardaily,21
sidebyside,21
kajangcakes,21
lovecolorado,21
shelves,21
cruisewithme,21
kehome,21
lifecoachforwomenover50,21
2000smusic,21
unibrow,21
bryantpark,21
raconsde,21
notonamazon,21
innovative,21
citygarden,21
blooddonation,21
animalrightsactivism,21
thelionking,21
christianreels,21
instafamous,21
bestreels,21
flo,21
temptations,21
kitchengardens,21
stopthelie,21
prohibition,21
finnabair,21
orbit,21
dataprivacy,21
consignmentshopping,21
tricolor,21
frogfish,21
tray,21
bugtok,21
having,21
trendyoutfits,21
moveinsilou,21
trips,21
provenance,21
seekthetruth,21
sanctuarycity,21
nevillefanart,21
nevillefanfic,21
weeeuuuu,21
loveispower,21
switchtosolar,21
oceancitynj,21
hoist,21
seattleweather,21
spica,21
fathersdaygift,21
noob,21
pitures,21
lushhaul,21
backpackingfood,21
efoil,21
hypoallergenicearrings,21
hypoallergenicjewelry,21
jazishorts,21
tougheningagent,21
jesuspaiditall✝️✝️,21
gcseresults,21
pandaoftiktok,21
tiktok23,21
coffeewithken,21
15minutecities,21
studioapartment,21
pathan,21
vacationrental,21
srk,21
printer,21
pintohorseassociation,21
nurologist,21
huskies,21
InstaxChallenge,21
medschoolacceptance,21
brassdecor,21
facebooklife,21
ennysnow,21
chiefskingdom,21
sweetromancerecs,21
glowinlove1111,21
tipthursday,21
farmhouseliving,21
summerstyleinspo,21
redcarpetgreendress,21
prankvideo,21
longerhair,21
companyanniversary,21
geckomaterials,21
moonphases,21
baile,21
loggerhead,21
freefromchocolate,21
christianbale,21
ipadpro,21
boxtok,21
lunchboxtok,21
poker,21
candycorn,21
internships,21
workmeme,21
bijoux,21
vintagejeans,21
cannersoftiktok,21
litterfree,21
smallmoments,21
lawtiwabarbersalon,21
lifeonthefarm,21
plussizeweightlossjourney,21
cleaningandorganizing,21
idc,21
cassette,21
foxriver,21
blackunity,21
frenchicpaint,21
globalchange,21
kanerves,21
srilankaeconomiccrisis,21
folkart,21
adidasxgucci,21
nospamlikes,21
icpforlife,21
pottedgarden,21
femininestyle,21
essen,21
foggymorning,21
marriageequality,21
savedemocracy,21
tweedehands,21
morningskinda,21
dancefloor,21
veganfoodhaul,21
fgc,21
mw2remastered,21
gettingolder,21
satin,21
aquamarine,21
helloweekend,21
ukneedsatidyup,21
tvmeteorologist,21
maternalhealth,21
romans,21
plantblogger,21
cranialprosthetic,21
sayno,21
bayareatiktok,21
alaqsa,21
miniskirtoutfit,21
climatesolution,21
alkalinefood,21
rayas,21
firefighterlife,21
chameleon,21
togg,21
backyardfarming,21
hungercrisis,21
liquidation,21
cheesyfood,21
alo,21
icecreamlover,21
cozystyle,21
tumeric,21
xmasgiftideas,21
diytiktok,21
warwick,21
plantblog,21
handmadeskirt,21
foryoupageireland,21
disneytok,21
volleyballgirls,21
crispychicken,21
sewingstudio,21
bridalhair,21
mumhack,21
nojisticenopeace,21
policeontiktok,21
lightingdesign,21
vandwelling,21
fyphistory,21
theperfectcandlecompany,21
fifaworldcupqatar2022,21
icantwiththesepeople,21
shops,21
charliebrown,21
rnlife,21
familydrama,21
rainonme,21
ranchitoscendejas,21
1960smod,21
acs23,21
